<?xml version="1.0" encoding="UTF-8"?>
<metadata xmlns="http://www.demandware.com/xml/impex/metadata/2006-10-31">
    <custom-type type-id="ServiceCloudAuthToken">
        <display-name xml:lang="x-default">ServiceCloudAuthToken</display-name>
        <description xml:lang="x-default">Stores the last / latest authorization token generated by Service Cloud.</description>
        <staging-mode>no-staging</staging-mode>
        <storage-scope>organization</storage-scope>
        <key-definition attribute-id="siteID">
            <type>string</type>
            <min-length>0</min-length>
        </key-definition>
        <attribute-definitions>
            <attribute-definition attribute-id="token">
                <display-name xml:lang="x-default">Token</display-name>
                <type>text</type>
                <localizable-flag>false</localizable-flag>
                <mandatory-flag>false</mandatory-flag>
                <externally-managed-flag>false</externally-managed-flag>
            </attribute-definition>
        </attribute-definitions>
        <group-definitions>
            <attribute-group group-id="SSCAuthToken">
                <display-name xml:lang="x-default">SSCAuthToken</display-name>
                <attribute attribute-id="lastModified" system="true"/>
                <attribute attribute-id="token"/>
                <attribute attribute-id="creationDate" system="true"/>
                <attribute attribute-id="siteID"/>
            </attribute-group>
        </group-definitions>
    </custom-type>
</metadata>
