{
	"id": "401ca226-1f12-496b-9e0f-72be7ad901c9",
	"name": "SCC: Environment Template",
	"values": [
		{
			"key": "serviceCloudUrl",
			"value": "https://mydomain.my.salesforce.com",
			"description": {
				"content": "The domain url used to interact with Service Cloud's REST services.",
				"type": "text/plain"
			},
			"enabled": true
		},
		{
			"key": "authTokenUrl",
			"value": "test.salesforce.com",
			"description": {
				"content": "The authorization url used to authenticate prior to making REST requests.",
				"type": "text/plain"
			},
			"enabled": true
		},
		{
			"key": "sfscAuthToken",
			"value": "",
			"description": {
				"content": "The authorization token generated by Salesforce Service Cloud via its Authorization Request",
				"type": "text/plain"
			},
			"enabled": true
		},
		{
			"key": "sfscConsumerKey",
			"value": "",
			"description": {
				"content": "ConsumerKey for the ServiceCloudConnector Connected App.",
				"type": "text/plain"
			},
			"enabled": true
		},
		{
			"key": "sfscConsumerSecret",
			"value": "",
			"description": {
				"content": "ConsumerSecret for the ServiceCloudConnector Connected App.",
				"type": "text/plain"
			},
			"enabled": true
		},
		{
			"key": "sfscUsername",
			"value": "sccintegrationuser@mydomain.salesforce.com",
			"description": {
				"content": "The username of the SCC Integration User for the Service Cloud instance being accessed",
				"type": "text/plain"
			},
			"enabled": true
		},
		{
			"key": "sfscPassword",
			"value": "",
			"description": {
				"content": "Password for the Service Cloud Connector's SCC Integration User.",
				"type": "text/plain"
			},
			"enabled": true
		},
		{
			"key": "sfscSecurityToken",
			"value": "",
			"description": {
				"content": "The generated Security Token for the SCC Integration User",
				"type": "text/plain"
			},
			"enabled": true
		},
		{
			"key": "sfccHostServer",
			"value": "xxx-dw.demandware.net",
			"description": {
				"content": "The domain name of the Salesforce B2C Commerce instance being accessed.",
				"type": "text/plain"
			},
			"enabled": true
		},
		{
			"key": "sfccUsername",
			"value": "",
			"description": {
				"content": "The Salesforce B2C Commerce Business Manager user account being authenticated.",
				"type": "text/plain"
			},
			"enabled": true
		},
		{
			"key": "sfccPassword",
			"value": "",
			"description": {
				"content": "The password for the Salesforce B2C Commerce Business Manager user account being authenticated.",
				"type": "text/plain"
			},
			"enabled": true
		},
		{
			"key": "sfccClientId",
			"value": "aaaaaaaaaaaaaaaaaaaaaaaaaaaaaa",
			"description": {
				"content": "The OCAPI clientId created for the Service Cloud Connector's API permissions.",
				"type": "text/plain"
			},
			"enabled": true
		},
		{
			"key": "sfccClientSecret",
			"value": "aaaaaaaaaaaaaaaaaaaaaaaaaaaaaa",
			"description": {
				"content": "The OCAPI clientSecret created for the Service Cloud Connector's API permissions.",
				"type": "text/plain"
			},
			"enabled": true
		},
		{
			"key": "sfccOCAPIVersion",
			"value": "v17_3",
			"description": {
				"content": "The version of OCAPI used to perform remote requests by Postman.",
				"type": "text/plain"
			},
			"enabled": true
		},
		{
			"key": "sfccSiteId",
			"value": "",
			"description": {
				"content": "The Salesforce B2C Commerce SiteID (ex. SiteGenesis).",
				"type": "text/plain"
			},
			"enabled": true
		},
		{
			"key": "sfccCustomerListId",
			"value": "",
			"description": {
				"content": "The Salesforce B2C Commerce CustomerListID (ex. SiteGenesis).",
				"type": "text/plain"
			},
			"enabled": true
		},
		{
			"key": "sfccShopUrl",
			"value": "https://{{sfccHostServer}}/s/{{sfccSiteId}}/dw/shop/{{sfccOCAPIVersion}}",
			"description": {
				"content": "Dynamically generated OCAPI Shop url that leverages other environment variables.",
				"type": "text/plain"
			},
			"enabled": true
		},
		{
			"key": "sfccOAuth2Url",
			"value": "https://{{sfccHostServer}}/dw/oauth2/access_token",
			"description": {
				"content": "Dynamically generated OAUTH2 url that leverages other environment variables.",
				"type": "text/plain"
			},
			"enabled": true
		},
		{
			"key": "sfccDataUrl",
			"value": "https://{{sfccHostServer}}/s/Sites-Site/dw/data/{{sfccOCAPIVersion}}",
			"description": {
				"content": "Dynamically generated OCAPI Data url that leverages other environment variables.",
				"type": "text/plain"
			},
			"enabled": true
		},
		{
			"key": "sfccUserCredential",
			"value": "",
			"description": {
				"content": "Internally generated SFCC credential for OCAPI access (Base64 encoded username:password:clientSecret)",
				"type": "text/plain"
			},
			"enabled": true
		},
		{
			"key": "sfccAuthToken",
			"value": "",
			"description": {
				"content": "The authorization token generated by Salesforce B2C Commerce via its Authorization Request.",
				"type": "text/plain"
			},
			"enabled": true
		},
		{
			"key": "sfccCustomerAuthToken",
			"value": "",
			"description": {
				"content": "The Salesforce B2C Commerce customer authorization token generated.",
				"type": "text/plain"
			},
			"enabled": true
		},
		{
			"key": "sfccCustomerNo",
			"value": "",
			"description": {
				"content": "The customer number representing the registered Salesforce B2C Commerce customer account being used for testing.",
				"type": "text/plain"
			},
			"enabled": true
		},
		{
			"key": "sfccCustomerId",
			"value": "",
			"description": {
				"content": "The customer identifier representing the registered Salesforce B2C Commerce customer account being used for testing (internal uniqueidentifier).",
				"type": "text/plain"
			},
			"enabled": true
		},
		{
			"key": "sfccCustomerFirstName",
			"value": "",
			"description": {
				"content": "The firstname for the registered Salesforce B2C Commerce storefront customer.",
				"type": "text/plain"
			},
			"enabled": true
		},
		{
			"key": "sfccCustomerLastName",
			"value": "",
			"description": {
				"content": "The lastname for the registered Salesforce B2C Commerce storefront customer.",
				"type": "text/plain"
			},
			"enabled": true
		},
		{
			"key": "sfccCustomerEmail",
			"value": "",
			"description": {
				"content": "The e-mail address used by the registered Salesforce B2C Commerce customer.",
				"type": "text/plain"
			},
			"enabled": true
		},
		{
			"key": "sfccCustomerUsername",
			"value": "",
			"description": {
				"content": "The username for the registered Salesforce B2C Commerce storefront customer.",
				"type": "text/plain"
			},
			"enabled": true
		},
		{
			"key": "sfccCustomerPassword",
			"value": "",
			"description": {
				"content": "The password for the registered Salesforce B2C Commerce storefront customer.",
				"type": "text/plain"
			},
			"enabled": true
		},
		{
			"key": "sfccAnonymousOrderNo",
			"value": "",
			"description": {
				"content": "The order identifier represented a placed Salesforce B2C Commerce order on behalf of an anonymous / unregistered customer.",
				"type": "text/plain"
			},
			"enabled": true
		},
		{
			"key": "sfccAnonymousOrderTotal",
			"value": "",
			"description": {
				"content": "The total for the anonymous user's order.",
				"type": "text/plain"
			},
			"enabled": true
		},
		{
			"key": "sfccRegisteredOrderNo",
			"value": "",
			"description": {
				"content": "The order identifier represented a placed Salesforce B2C Commerce order.",
				"type": "text/plain"
			},
			"enabled": true
		},
		{
			"key": "sfccRegisteredOrderTotal",
			"value": "",
			"description": {
				"content": "The total for the registered user's order.",
				"type": "text/plain"
			},
			"enabled": true
		},
		{
			"key": "sfccCustomerAddressName",
			"value": "",
			"description": {
				"content": "The name of the test address used for the specified Salesforce B2C Commerce storefront customer.",
				"type": "text/plain"
			},
			"enabled": true
		},
		{
			"key": "sfccAnonymousCustomerEmail",
			"value": "",
			"description": {
				"content": "The e-mail address used by the anonymous Salesforce B2C Commerce customer.",
				"type": "text/plain"
			},
			"enabled": true
		},
		{
			"key": "postRequestDelay",
			"value": "10000",
			"description": {
				"content": "Represents the number of milliseconds to elapse before processing a callback / validation request.",
				"type": "text/plain"
			},
			"enabled": true
		},
		{
			"key": "tmpCaseIds",
			"value": [],
			"enabled": true
		},
		{
			"key": "tmpAccountId",
			"value": "",
			"enabled": true
		},
		{
			"key": "tmpCustomerFirstName",
			"value": "",
			"enabled": true
		},
		{
			"key": "tmpCustomerLastName",
			"value": "",
			"enabled": true
		},
		{
			"key": "tmpOrderId",
			"value": "",
			"enabled": true
		},
		{
			"key": "tmpOrderStatus",
			"value": "",
			"enabled": true
		},
		{
			"key": "tmpRegisteredOrderEmail",
			"value": "",
			"description": "",
			"enabled": true
		},
		{
			"key": "tmpRegisteredOrderCustomerId",
			"value": "",
			"description": "",
			"enabled": true
		},
		{
			"key": "sfccBillingStreet",
			"value": "5 Billing Street",
			"description": {
				"content": "",
				"type": "text/plain"
			},
			"enabled": true
		},
		{
			"key": "sfccBillingCity",
			"value": "Billing City",
			"description": {
				"content": "",
				"type": "text/plain"
			},
			"enabled": true
		},
		{
			"key": "sfccBillingState",
			"value": "Billing State",
			"description": {
				"content": "",
				"type": "text/plain"
			},
			"enabled": true
		},
		{
			"key": "sfccBillingCountry",
			"value": "Billing Country",
			"description": {
				"content": "",
				"type": "text/plain"
			},
			"enabled": true
		},
		{
			"key": "sfccBillingPostalCode",
			"value": "99099",
			"description": {
				"content": "",
				"type": "text/plain"
			},
			"enabled": true
		},
		{
			"key": "sfccShippingStreet",
			"value": "5 Shipping Street",
			"description": {
				"content": "",
				"type": "text/plain"
			},
			"enabled": true
		},
		{
			"key": "sfccShippingCity",
			"value": "Shipping City",
			"description": {
				"content": "",
				"type": "text/plain"
			},
			"enabled": true
		},
		{
			"key": "sfccShippingState",
			"value": "Shipping State",
			"description": {
				"content": "",
				"type": "text/plain"
			},
			"enabled": true
		},
		{
			"key": "sfccShippingCountry",
			"value": "Shipping Country",
			"description": {
				"content": "",
				"type": "text/plain"
			},
			"enabled": true
		},
		{
			"key": "sfccShippingPostalCode",
			"value": "11011",
			"description": {
				"content": "",
				"type": "text/plain"
			},
			"enabled": true
		}
		
	],
	"_postman_variable_scope": "environment",
	"_postman_exported_at": "2018-11-17T10:46:42.571Z",
	"_postman_exported_using": "Postman/6.4.2"
}