{
    "step-types": {
        "chunk-script-module-step": [
            {
                "@type-id": "custom.SCC-SyncCustomers",
                "@supports-parallel-execution": "false",
                "@supports-site-context": "true",
                "@supports-organization-context": "false",
                "description": "Service Cloud Customers Sync",
                "module": "int_service_cloud/cartridge/scripts/jobs/customerSync.js",
                "before-step-function": "beforeStep",
                "total-count-function": "getTotalCount",
                "before-chunk-function": "",
                "read-function": "read",
                "process-function": "process",
                "write-function": "write",
                "after-chunk-function": "",
                "after-step-function": "afterStep",
                "chunk-size": 10,
                "transactional": "false",
                "parameters": {
                    "parameter": [
                    ]
                },
                "status-codes": {
                    "status": [
                        {
                            "@code": "ERROR",
                            "description": "Used when the step failed with an error."
                        },
                        {
                            "@code": "OK",
                            "description": "Used when the step finished successfully."
                        }
                    ]
                }
            },
            {
                "@type-id": "custom.SCC-SyncOrders",
                "@supports-parallel-execution": "false",
                "@supports-site-context": "true",
                "@supports-organization-context": "false",
                "description": "Service Cloud Orders Sync",
                "module": "int_service_cloud/cartridge/scripts/jobs/orderSync.js",
                "before-step-function": "beforeStep",
                "total-count-function": "getTotalCount",
                "before-chunk-function": "",
                "read-function": "read",
                "process-function": "process",
                "write-function": "write",
                "after-chunk-function": "",
                "after-step-function": "afterStep",
                "chunk-size": 10,
                "transactional": "false",
                "parameters": {
                    "parameter": [
                    ]
                },
                "status-codes": {
                    "status": [
                        {
                            "@code": "ERROR",
                            "description": "Used when the step failed with an error."
                        },
                        {
                            "@code": "OK",
                            "description": "Used when the step finished successfully."
                        }
                    ]
                }
            }
        ]
    }
}