<?xml version="1.0" encoding="UTF-8"?>
<services xmlns="http://www.demandware.com/xml/impex/services/2014-09-26">
    <service-credential service-credential-id="servicecloud.auth-SiteId">
        <url>https://login.salesforce.com/services/oauth2/token</url>
        <user-id>sccintegrationuser@mydomain.my.salesforce.com</user-id>
        <password encrypted="true" encryption-type="common.export">VHqG3ZpszK1fF9kxw32iKUM44huzMdPqA39UegYM8IlZ8dEaqLyV0SXFjyAb3mLj</password>
        <custom-attributes>
            <custom-attribute attribute-id="clientid">Insert the Consumer Key for the Service Cloud CommerceCloudConnector Connected App</custom-attribute>
            <custom-attribute attribute-id="clientsecret">Insert the Consumer Secret for the Service Cloud CommerceCloudConnector Connected App</custom-attribute>
        </custom-attributes>
    </service-credential>

    <service-profile service-profile-id="profile-servicecloud">
        <timeout-millis>10000</timeout-millis>
        <rate-limit-enabled>false</rate-limit-enabled>
        <rate-limit-calls>0</rate-limit-calls>
        <rate-limit-millis>0</rate-limit-millis>
        <cb-enabled>true</cb-enabled>
        <cb-calls>2</cb-calls>
        <cb-millis>100</cb-millis>
    </service-profile>

    <service service-id="servicecloud.auth-SiteId">
        <service-type>HTTP</service-type>
        <enabled>true</enabled>
        <log-prefix>servicecloud-auth-SiteId</log-prefix>
        <comm-log-enabled>true</comm-log-enabled>
        <force-prd-enabled>false</force-prd-enabled>
        <mock-mode-enabled>false</mock-mode-enabled>
        <profile-id>profile-servicecloud</profile-id>
        <credential-id>servicecloud.auth-SiteId</credential-id>
    </service>

    <service service-id="servicecloud.rest-SiteId">
        <service-type>HTTP</service-type>
        <enabled>true</enabled>
        <log-prefix>servicecloud-rest-SiteId</log-prefix>
        <comm-log-enabled>true</comm-log-enabled>
        <force-prd-enabled>false</force-prd-enabled>
        <mock-mode-enabled>false</mock-mode-enabled>
        <profile-id>profile-servicecloud</profile-id>
        <credential-id></credential-id>
    </service>

</services>
